function_entry,function_name,op_address,space_input,dest_varnode_class,value_width,source_origin,pass623_rejected,classification
0x11B50330,FUN_11b50330,0x119BAEA6,"(const, 0x1b1, 8)",stack_save_rejected,8,register_save_or_stack_local,False,stack_save_rejected
0x11B50330,FUN_11b50330,0x11B50330,"(const, 0x1b1, 8)",stack_save_rejected,8,register_save_or_stack_local,False,stack_save_rejected
0x11B50330,FUN_11b50330,0x11B5033B,"(const, 0x1b1, 8)",stack_save_rejected,8,register_save_or_stack_local,False,stack_save_rejected
0x11B45846,FUN_11b45846,0x119B97FE,"(const, 0x1b1, 8)",stack_save_rejected,8,register_save_or_stack_local,False,stack_save_rejected
0x11B45846,FUN_11b45846,0x11B45846,"(const, 0x1b1, 8)",stack_save_rejected,8,register_save_or_stack_local,False,stack_save_rejected
0x11B45846,FUN_11b45846,0x11B45851,"(const, 0x1b1, 8)",stack_save_rejected,8,register_save_or_stack_local,False,stack_save_rejected
0x11B45846,FUN_11b45846,0x11B566B4,"(const, 0x1b1, 8)",stack_save_rejected,8,register_save_or_stack_local,False,stack_save_rejected
0x11B57075,FUN_11b57075,0x11B57075,"(const, 0x1b1, 8)",stack_save_rejected,8,register_save_or_stack_local,True,stack_save_rejected
0x11B57075,FUN_11b57075,0x11B5707A,"(const, 0x1b1, 8)",stack_save_rejected,8,register_save_or_stack_local,True,stack_save_rejected
0x11B57075,FUN_11b57075,0x11B5707F,"(const, 0x1b1, 8)",stack_save_rejected,8,register_save_or_stack_local,True,stack_save_rejected
0x11B57075,FUN_11b57075,0x11B5708F,"(const, 0x1b1, 8)",stack_save_rejected,8,register_save_or_stack_local,True,stack_save_rejected
0x11B57075,FUN_11b57075,0x11B57094,"(const, 0x1b1, 8)",stack_save_rejected,8,register_save_or_stack_local,True,stack_save_rejected
0x11B57075,FUN_11b57075,0x11B5709E,"(const, 0x1b1, 8)",stack_save_rejected,8,register_save_or_stack_local,True,stack_save_rejected
0x11B57075,FUN_11b57075,0x11B58BCD,"(const, 0x1b1, 8)",stack_save_rejected,8,register_save_or_stack_local,True,stack_save_rejected
0x11B57075,FUN_11b57075,0x11B58BD6,"(const, 0x1b1, 8)",stack_save_rejected,8,register_save_or_stack_local,True,stack_save_rejected
0x11B57075,FUN_11b57075,0x11B58BE4,"(const, 0x1b1, 8)",stack_save_rejected,8,register_save_or_stack_local,True,stack_save_rejected
0x11B56B2C,FUN_11b56b2c,0x11B56B4A,"(const, 0x1b1, 8)",stack_save_rejected,8,register_save_or_stack_local,False,stack_save_rejected
0x11B5863D,FUN_11b5863d,0x11B58641,"(const, 0x1b1, 8)",stack_save_rejected,8,register_save_or_stack_local,False,stack_save_rejected
0x11B5863D,FUN_11b5863d,0x11B58646,"(const, 0x1b1, 8)",stack_save_rejected,8,register_save_or_stack_local,False,stack_save_rejected
0x11B5863D,FUN_11b5863d,0x11B58654,"(const, 0x1b1, 8)",stack_save_rejected,8,register_save_or_stack_local,False,stack_save_rejected
0x11B5863D,FUN_11b5863d,0x11B5865F,"(const, 0x1b1, 8)",stack_save_rejected,8,register_save_or_stack_local,False,stack_save_rejected
0x11B559CD,FUN_11b559cd,0x11B559CD,"(const, 0x1b1, 8)",stack_save_rejected,8,register_save_or_stack_local,True,stack_save_rejected
0x11B564BE,FUN_11b564be,0x11B564BE,"(const, 0x1b1, 8)",stack_save_rejected,8,register_save_or_stack_local,True,stack_save_rejected
0x11B564BE,FUN_11b564be,0x11B564C5,"(const, 0x1b1, 8)",stack_save_rejected,8,register_save_or_stack_local,True,stack_save_rejected
0x11B564BE,FUN_11b564be,0x11B564CB,"(const, 0x1b1, 8)",stack_save_rejected,8,register_save_or_stack_local,True,stack_save_rejected
0x11B564BE,FUN_11b564be,0x11B564D7,"(const, 0x1b1, 8)",stack_save_rejected,8,register_save_or_stack_local,True,stack_save_rejected
0x11B564BE,FUN_11b564be,0x11B56500,"(const, 0x1b1, 8)",stack_save_rejected,8,register_save_or_stack_local,True,stack_save_rejected
0x11B581C1,FUN_11b581c1,0x11B581C8,"(const, 0x1b1, 8)",stack_save_rejected,8,register_save_or_stack_local,False,stack_save_rejected
0x11B581C1,FUN_11b581c1,0x11B581D2,"(const, 0x1b1, 8)",stack_save_rejected,8,register_save_or_stack_local,False,stack_save_rejected
0x11B581C1,FUN_11b581c1,0x11B581DE,"(const, 0x1b1, 8)",stack_save_rejected,8,register_save_or_stack_local,False,stack_save_rejected
0x11B581C1,FUN_11b581c1,0x11B581EB,"(const, 0x1b1, 8)",stack_save_rejected,8,register_save_or_stack_local,False,stack_save_rejected
0x11B581C1,FUN_11b581c1,0x11B581F1,"(const, 0x1b1, 8)",stack_save_rejected,8,register_save_or_stack_local,False,stack_save_rejected
0x11B581C1,FUN_11b581c1,0x11B581F8,"(const, 0x1b1, 8)",stack_save_rejected,8,register_save_or_stack_local,False,stack_save_rejected
0x11B581C1,FUN_11b581c1,0x11B58204,"(const, 0x1b1, 8)",stack_save_rejected,8,register_save_or_stack_local,False,stack_save_rejected
0x11B581C1,FUN_11b581c1,0x11B5820B,"(const, 0x1b1, 8)",stack_save_rejected,8,register_save_or_stack_local,False,stack_save_rejected
0x11B581C1,FUN_11b581c1,0x11B58213,"(const, 0x1b1, 8)",stack_save_rejected,8,register_save_or_stack_local,False,stack_save_rejected
0x11B581C1,FUN_11b581c1,0x11B58216,"(const, 0x1b1, 8)",stack_save_rejected,8,register_save_or_stack_local,False,stack_save_rejected
0x11B581C1,FUN_11b581c1,0x11B58220,"(const, 0x1b1, 8)",stack_save_rejected,8,register_save_or_stack_local,False,stack_save_rejected
0x11B581C1,FUN_11b581c1,0x11B5822D,"(const, 0x1b1, 8)",stack_save_rejected,8,register_save_or_stack_local,False,stack_save_rejected
0x11B581C1,FUN_11b581c1,0x11B5825A,"(const, 0x1b1, 8)",stack_save_rejected,8,register_save_or_stack_local,False,stack_save_rejected
0x11B57BDB,FUN_11b57bdb,0x11B57BEA,"(const, 0x1b1, 8)",stack_save_rejected,8,register_save_or_stack_local,False,stack_save_rejected
0x11B57BDB,FUN_11b57bdb,0x11B57BF0,"(const, 0x1b1, 8)",stack_save_rejected,8,register_save_or_stack_local,False,stack_save_rejected
0x11B57BDB,FUN_11b57bdb,0x11B57BF4,"(const, 0x1b1, 8)",stack_save_rejected,8,register_save_or_stack_local,False,stack_save_rejected
0x11B57BDB,FUN_11b57bdb,0x11B57C03,"(const, 0x1b1, 8)",stack_save_rejected,8,register_save_or_stack_local,False,stack_save_rejected
0x11B57BDB,FUN_11b57bdb,0x11B57C0A,"(const, 0x1b1, 8)",stack_save_rejected,8,register_save_or_stack_local,False,stack_save_rejected
0x11B57BDB,FUN_11b57bdb,0x11B57C1A,"(const, 0x1b1, 8)",stack_save_rejected,8,register_save_or_stack_local,False,stack_save_rejected
0x11B59392,FUN_11b59392,0x11B59394,"(const, 0x1b1, 8)",stack_save_rejected,8,register_save_or_stack_local,False,stack_save_rejected
0x11B59392,FUN_11b59392,0x11B5939D,"(const, 0x1b1, 8)",stack_save_rejected,8,register_save_or_stack_local,False,stack_save_rejected
0x11B5809A,FUN_11b5809a,0x11B5809A,"(const, 0x1b1, 8)",stack_save_rejected,8,register_save_or_stack_local,False,stack_save_rejected
0x11B5809A,FUN_11b5809a,0x11B580AD,"(const, 0x1b1, 8)",stack_save_rejected,8,register_save_or_stack_local,False,stack_save_rejected
0x11B5809A,FUN_11b5809a,0x11B580BD,"(const, 0x1b1, 8)",stack_save_rejected,8,register_save_or_stack_local,False,stack_save_rejected
0x11B5809A,FUN_11b5809a,0x11B580C9,"(const, 0x1b1, 8)",stack_save_rejected,8,register_save_or_stack_local,False,stack_save_rejected
0x11B568B9,FUN_11b568b9,0x11B568B9,"(const, 0x1b1, 8)",stack_save_rejected,8,register_save_or_stack_local,False,stack_save_rejected
0x11B568B9,FUN_11b568b9,0x11B568C7,"(const, 0x1b1, 8)",stack_save_rejected,8,register_save_or_stack_local,False,stack_save_rejected
0x11B58D6C,FUN_11b58d6c,0x11B58D73,"(const, 0x1b1, 8)",stack_save_rejected,8,register_save_or_stack_local,False,stack_save_rejected
0x11B58D6C,FUN_11b58d6c,0x11B58D7B,"(const, 0x1b1, 8)",stack_save_rejected,8,register_save_or_stack_local,False,stack_save_rejected
0x11B58D6C,FUN_11b58d6c,0x11B58D80,"(const, 0x1b1, 8)",stack_save_rejected,8,register_save_or_stack_local,False,stack_save_rejected
0x11B58D6C,FUN_11b58d6c,0x11B58D87,"(const, 0x1b1, 8)",stack_save_rejected,8,register_save_or_stack_local,False,stack_save_rejected
0x11B58D6C,FUN_11b58d6c,0x11B58D91,"(const, 0x1b1, 8)",stack_save_rejected,8,register_save_or_stack_local,False,stack_save_rejected
0x11B58D6C,FUN_11b58d6c,0x11B58D9D,"(const, 0x1b1, 8)",stack_save_rejected,8,register_save_or_stack_local,False,stack_save_rejected
0x11B58D6C,FUN_11b58d6c,0x11B58DA2,"(const, 0x1b1, 8)",stack_save_rejected,8,register_save_or_stack_local,False,stack_save_rejected
0x11B58D6C,FUN_11b58d6c,0x11B58DA9,"(const, 0x1b1, 8)",stack_save_rejected,8,register_save_or_stack_local,False,stack_save_rejected
0x11B58D6C,FUN_11b58d6c,0x11B58DB8,"(const, 0x1b1, 8)",stack_save_rejected,8,register_save_or_stack_local,False,stack_save_rejected
0x11B568D5,FUN_11b568d5,0x11B568D9,"(const, 0x1b1, 8)",stack_save_rejected,8,register_save_or_stack_local,False,stack_save_rejected
0x11B568D5,FUN_11b568d5,0x11B568EB,"(const, 0x1b1, 8)",stack_save_rejected,8,register_save_or_stack_local,False,stack_save_rejected
0x11B568D5,FUN_11b568d5,0x11B568F6,"(const, 0x1b1, 8)",stack_save_rejected,8,register_save_or_stack_local,False,stack_save_rejected
0x11B59765,FUN_11b59765,0x11B59771,"(const, 0x1b1, 8)",stack_save_rejected,8,register_save_or_stack_local,False,stack_save_rejected
0x11B59832,FUN_11b59832,0x11B59832,"(const, 0x1b1, 8)",stack_save_rejected,8,register_save_or_stack_local,False,stack_save_rejected
0x11B56999,FUN_11b56999,0x11B569A1,"(const, 0x1b1, 8)",stack_save_rejected,8,register_save_or_stack_local,False,stack_save_rejected
0x11B56999,FUN_11b56999,0x11B569A5,"(const, 0x1b1, 8)",stack_save_rejected,8,register_save_or_stack_local,False,stack_save_rejected
0x11B56999,FUN_11b56999,0x11B569AE,"(const, 0x1b1, 8)",stack_save_rejected,8,register_save_or_stack_local,False,stack_save_rejected
